ID,income,gender,age,marriage,children,residence,price,loan,house,four,target
1,1089252,Male,42,married,1,central,23.4,58738,with_parents,FALSE,T
2,818508,Male,36,married,4,east,24,26003,rent,TRUE,T
3,781416,Male,34,married,1,east,9.3,44477,rent,FALSE,F
4,652536,Female,23,married,1,east,10.3,53842,with_parents,FALSE,F
5,572556,Female,44,married,3,east,16.5,56643,rent,FALSE,F
6,442272,Male,29,married,4,east,20.6,17218,with_parents,FALSE,F
7,654672,Male,27,married,3,east,23.1,39690,rent,FALSE,F
8,337884,Female,20,married,1,east,9.7,49971,with_parents,FALSE,F
9,777396,Female,34,married,1,east,19.4,18226,with_parents,TRUE,T
10,409656,Female,36,married,0,east,10.5,19658,rent,FALSE,F
11,1003896,Male,24,married,1,central,10.8,29963,rent,TRUE,T
12,695484,Male,34,married,0,east,13.1,56353,with_parents,FALSE,F
13,451932,Female,52,married,1,east,19.8,18333,rent,FALSE,F
14,546156,Male,24,married,2,east,22,39785,rent,FALSE,F
15,1186440,Male,30,married,3,central,24.4,45591,with_parents,FALSE,T
16,914460,Male,20,married,1,east,10.2,34707,with_parents,FALSE,F
17,1168248,Female,50,married,2,central,19.5,57484,rent,FALSE,F
18,957612,Male,29,married,0,east,9.4,20127,rent,TRUE,F
19,1038516,Female,50,married,2,east,14.4,29643,with_parents,TRUE,T
20,694044,Male,52,married,0,east,22.6,30203,with_parents,FALSE,F
21,699288,Female,37,married,1,east,22.1,26314,rent,FALSE,F
22,711180,Male,36,married,1,east,19.2,31735,rent,FALSE,F
23,686832,Female,28,married,2,east,22.7,39167,with_parents,FALSE,F
24,478572,Male,64,married,0,east,16.5,44732,rent,FALSE,F
25,1163124,Male,54,married,1,south,12.2,59877,with_parents,FALSE,F
26,265848,Male,46,married,2,east,18.5,41839,rent,FALSE,F
27,957372,Female,28,married,0,east,21.7,44828,with_parents,FALSE,F
28,988692,Male,63,married,3,east,15,29261,with_parents,TRUE,T
29,342720,Male,48,married,2,east,19.3,53752,with_parents,FALSE,F
30,1133808,Male,22,married,1,east,9,54966,with_parents,FALSE,F
31,399300,Female,32,married,1,east,15.7,52078,rent,FALSE,F
32,927540,Female,30,married,0,east,20.7,30930,rent,FALSE,F
33,379716,Female,41,married,2,east,15.3,33656,rent,FALSE,F
34,1197036,Female,50,married,1,north,16.5,31050,with_parents,TRUE,T
35,1195548,Female,46,married,1,east,24.1,57116,rent,FALSE,F
36,339828,Female,28,married,2,east,21.5,46351,rent,FALSE,F
37,1032036,Male,63,married,3,north,17.2,54073,rent,FALSE,F
38,1087332,Female,39,married,1,east,24.7,30957,rent,TRUE,T
39,1000680,Female,60,married,3,east,18.4,57728,with_parents,FALSE,F
40,505884,Female,33,married,2,east,17.8,43597,with_parents,FALSE,F
41,608448,Female,57,married,0,east,16.3,22835,rent,FALSE,F
42,781188,Male,64,married,1,east,13.5,57940,rent,FALSE,F
43,1161192,Female,39,married,1,north,13.1,46546,with_parents,FALSE,F
44,817968,Female,59,married,1,east,22.2,57769,rent,FALSE,F
45,538500,Female,60,married,0,east,16.2,25296,with_parents,FALSE,F
46,588960,Male,39,married,2,east,15.7,49510,rent,FALSE,F
47,302004,Male,25,married,0,east,13.2,57510,rent,FALSE,F
48,891288,Female,63,married,0,east,22.9,58251,with_parents,FALSE,F
49,667032,Female,28,married,0,east,24.1,58555,rent,FALSE,F
50,953352,Male,45,married,2,east,9.5,24808,with_parents,TRUE,T
51,386772,Male,23,married,0,east,19.3,31717,with_parents,FALSE,F
52,364212,Male,41,married,0,east,17.6,16203,rent,FALSE,F
53,704100,Female,60,married,2,east,20.7,17954,rent,TRUE,T
54,851784,Female,34,married,1,east,10.8,41800,with_parents,FALSE,F
55,597660,Male,52,married,3,east,21.9,29373,with_parents,FALSE,F
56,436488,Male,45,married,1,east,10.3,51869,rent,FALSE,F
57,665304,Female,21,married,3,east,14.1,54913,with_parents,FALSE,F
58,916764,Female,52,married,0,east,18.7,21891,with_parents,TRUE,F
59,767148,Female,50,single,0,east,18.9,51678,with_parents,FALSE,F
60,618804,Male,55,single,0,east,9.6,46680,with_parents,FALSE,F
61,1094724,Female,44,single,0,central,10,33437,rent,TRUE,T
62,500196,Male,24,single,0,east,10.9,33466,with_parents,FALSE,F
63,1038912,Female,21,single,0,north,12.8,20642,rent,TRUE,F
64,1011144,Female,51,single,0,north,10.2,56347,rent,FALSE,F
65,656196,Female,48,single,0,east,18,31343,rent,FALSE,F
66,487512,Male,43,single,0,east,11.8,17337,with_parents,FALSE,F
67,336840,Male,42,single,0,east,12.6,55917,with_parents,FALSE,F
68,533724,Male,41,single,0,east,14.9,16734,with_parents,TRUE,F
69,685848,Female,28,single,0,east,20.1,26687,rent,FALSE,F
70,387948,Female,44,single,0,east,14.2,56647,rent,FALSE,F
71,486492,Female,27,single,0,east,22,42232,with_parents,FALSE,F
72,572496,Male,39,single,0,east,23.4,43758,rent,FALSE,F
73,1116744,Male,56,single,0,east,23.6,51774,rent,FALSE,F
74,880188,Female,51,single,0,east,17.9,27797,rent,TRUE,F
75,359676,Female,56,single,0,east,16.7,24761,rent,FALSE,F
76,900120,Female,28,single,0,east,16.7,50794,rent,FALSE,F
77,1160868,Female,36,single,0,north,16.1,16970,with_parents,TRUE,F
78,602160,Female,56,single,0,east,14.4,51548,rent,FALSE,F
79,288336,Female,39,single,0,east,23.9,47405,with_parents,FALSE,F
80,1183080,Female,22,single,0,north,23.7,52886,rent,FALSE,F
81,1074372,Female,52,single,0,north,11.3,45460,rent,FALSE,F
82,492408,Male,52,single,0,east,16.5,51324,with_parents,FALSE,F
83,304836,Female,41,single,0,east,17,56771,rent,FALSE,F
84,765996,Male,36,single,0,east,14.2,58107,with_parents,FALSE,F
85,586044,Female,54,single,0,east,17.6,40338,rent,FALSE,F
86,530304,Male,56,single,0,east,21.4,41789,rent,FALSE,F
87,556788,Female,28,single,0,east,11.7,47601,with_parents,FALSE,F
88,906864,Female,46,single,0,east,12.3,37773,with_parents,FALSE,F
89,379680,Female,36,single,0,east,9.6,33203,with_parents,FALSE,F
90,879840,Female,50,single,0,east,23.6,54925,rent,FALSE,F
91,274296,Female,34,single,0,east,13.7,24694,with_parents,FALSE,F
92,909120,Male,45,single,0,east,16.6,48505,rent,FALSE,F
93,373896,Male,58,single,0,east,14.9,56533,with_parents,FALSE,F
94,913776,Female,54,single,0,east,15.3,43740,with_parents,FALSE,F
95,872148,Female,34,single,0,east,12.2,38558,rent,FALSE,F
96,310248,Male,48,single,0,east,15.9,50317,rent,FALSE,F
97,570756,Male,35,single,0,east,13.7,40582,rent,FALSE,F
98,747048,Female,61,single,0,east,9.7,32517,rent,FALSE,F
99,617016,Female,53,single,0,east,21.5,43097,rent,FALSE,F
100,339216,Male,49,single,0,east,15,52033,with_parents,FALSE,F
101,914856,Male,62,single,0,east,13.7,51535,with_parents,FALSE,F
102,1194396,Female,49,single,0,north,15.1,20029,with_parents,TRUE,T
103,920976,Male,25,single,0,east,10.6,22864,rent,TRUE,F
104,268632,Female,57,single,0,east,16.7,47487,with_parents,FALSE,F
105,369972,Female,50,single,0,east,21.8,18975,with_parents,FALSE,F
106,730932,Male,35,single,0,east,18.6,49491,rent,FALSE,F
107,938220,Female,56,single,0,east,15.9,41278,with_parents,FALSE,F
108,959484,Male,22,single,0,east,21,17018,with_parents,TRUE,F
109,587892,Male,53,single,1,east,20.8,31680,with_parents,FALSE,F
110,470616,Female,50,single,0,east,13.4,29117,rent,FALSE,F
111,876036,Female,53,single,0,east,16.4,56301,with_parents,FALSE,F
112,768588,Female,59,single,0,east,14.4,17481,with_parents,TRUE,F
113,572160,Female,60,single,0,east,9,27981,rent,FALSE,F
114,537960,Male,51,single,0,east,13.3,17643,with_parents,TRUE,F
115,686280,Male,63,single,0,east,24.3,24372,with_parents,FALSE,F
116,797964,Male,43,single,0,east,14.4,34985,with_parents,FALSE,F
117,693012,Female,59,married,3,south,16.6,33663,rent,FALSE,F
118,954756,Male,40,married,1,south,23.7,35879,rent,FALSE,F
119,681552,Male,21,married,3,south,13.4,33219,with_parents,FALSE,F
120,637116,Female,55,married,1,south,24.6,54635,rent,FALSE,F
121,1128528,Male,50,married,3,south,14.9,16974,rent,TRUE,T
122,410616,Male,46,married,1,south,14.6,53993,with_parents,FALSE,F
123,982284,Male,64,married,2,south,13,56082,rent,FALSE,F
124,623028,Male,40,married,0,south,13.5,59571,rent,FALSE,F
125,539280,Male,50,married,0,south,17.9,30375,rent,FALSE,F
126,508836,Male,32,married,1,south,16.1,57820,with_parents,FALSE,F
127,443388,Male,50,married,0,south,20.6,59288,with_parents,FALSE,F
128,395100,Male,56,married,1,south,20.1,30789,with_parents,FALSE,F
129,345804,Male,64,married,2,south,20.7,35247,rent,FALSE,F
130,403440,Female,41,single,0,south,23.5,52362,with_parents,FALSE,F
131,887604,Female,40,single,0,south,18.3,35213,rent,FALSE,F
132,358284,Female,26,single,0,south,15.8,30732,with_parents,FALSE,F
133,379968,Female,52,single,0,south,19.8,26524,with_parents,FALSE,F
134,425124,Male,40,single,0,south,24.8,28925,rent,FALSE,F
135,445212,Male,26,single,0,south,10.2,51470,rent,FALSE,F
136,1055400,Female,61,single,0,south,16.5,26626,with_parents,TRUE,F
137,1112388,Male,36,married,4,south,10.1,23665,rent,TRUE,T
138,1071936,Male,28,married,3,south,10.6,56502,with_parents,FALSE,F
139,987564,Female,24,married,3,south,19.9,50865,rent,FALSE,F
140,882780,Female,63,married,0,south,10.1,38571,with_parents,FALSE,F
141,839436,Female,58,married,3,south,18.5,18899,rent,TRUE,T
142,795336,Male,27,married,0,south,17.3,38313,rent,FALSE,F
143,748032,Female,61,married,3,south,11.2,33359,with_parents,FALSE,F
144,708300,Female,56,married,0,south,20.3,33033,with_parents,FALSE,F
145,665136,Female,49,married,1,south,13.8,27657,rent,FALSE,F
146,656220,Female,57,married,1,south,20.3,30446,rent,FALSE,F
147,649512,Female,57,married,4,south,19,35693,with_parents,FALSE,F
148,569832,Female,21,married,0,south,19,59101,rent,FALSE,F
149,538452,Male,20,married,1,south,19.1,42293,rent,FALSE,F
150,459252,Male,45,married,0,south,13.3,21877,with_parents,FALSE,F
151,414540,Male,60,married,1,south,12.4,29054,with_parents,FALSE,F
152,401412,Female,64,married,1,south,14.8,20706,rent,FALSE,F
153,394824,Female,45,married,1,south,9.2,37786,rent,FALSE,F
154,787356,Female,48,married,3,south,24.7,25273,with_parents,TRUE,T
155,803052,Female,59,married,2,south,24.8,40368,with_parents,FALSE,F
156,591792,Female,50,married,2,south,23.4,34424,with_parents,FALSE,F
157,370776,Male,53,married,0,south,23.6,49137,with_parents,FALSE,F
158,467412,Female,45,married,2,south,14.8,17768,rent,FALSE,F
159,720084,Female,48,married,0,south,20.9,19270,rent,TRUE,F
160,669600,Male,25,married,1,south,24,25911,with_parents,FALSE,F
161,432672,Female,52,married,1,south,13.7,43950,rent,FALSE,F
162,1171824,Female,45,married,3,south,18.4,19089,with_parents,TRUE,T
163,916800,Female,47,married,1,south,13.1,19324,with_parents,TRUE,T
164,634368,Male,48,married,1,south,21.2,43564,with_parents,FALSE,F
165,900396,Female,25,married,0,south,18.8,35247,with_parents,FALSE,F
166,1017852,Male,26,married,2,south,13.8,16938,rent,TRUE,T
167,864240,Female,64,married,1,south,20.2,50385,rent,FALSE,F
168,710928,Male,34,married,3,south,24.3,47433,with_parents,FALSE,F
169,547284,Male,63,married,0,south,24.2,45953,with_parents,FALSE,F
170,337908,Female,37,married,1,south,24.8,49099,rent,FALSE,F
171,707196,Male,26,married,2,south,17.8,32691,with_parents,FALSE,F
172,1046028,Male,20,married,0,south,22.8,55754,rent,FALSE,F
173,935088,Female,47,married,0,south,14.2,26092,with_parents,TRUE,F
174,797448,Male,54,married,3,south,13.6,21442,with_parents,TRUE,T
175,1032576,Female,62,married,1,south,19.1,28075,with_parents,TRUE,T
176,383112,Male,24,married,1,south,16.5,30906,with_parents,FALSE,F
177,925788,Male,38,married,1,south,9.8,40189,with_parents,FALSE,F
178,386700,Female,40,married,1,south,16.6,37817,with_parents,FALSE,F
179,318264,Male,60,married,0,south,19.6,17646,with_parents,FALSE,F
180,953928,Male,39,married,1,south,14.2,29868,rent,TRUE,T
181,601008,Male,61,married,0,south,18.7,37592,with_parents,FALSE,F
182,812520,Female,23,married,1,south,14.6,35629,rent,FALSE,F
183,574800,Female,49,married,0,south,12.9,44928,rent,FALSE,F
184,971700,Male,44,married,0,south,9.2,19461,rent,TRUE,F
185,1029600,Male,34,married,1,south,9.6,47852,with_parents,FALSE,F
186,1176804,Female,30,married,1,south,20.3,47324,with_parents,FALSE,F
187,915360,Male,44,married,2,south,23,25529,with_parents,TRUE,T
188,711180,Male,26,married,3,south,12.8,36788,with_parents,FALSE,F
189,479676,Female,62,married,3,south,11.4,50629,rent,FALSE,F
190,477204,Male,22,married,2,south,18.1,51748,rent,FALSE,F
191,498336,Female,63,married,2,south,22,27987,with_parents,FALSE,F
192,897048,Female,50,married,1,south,19.9,52688,with_parents,FALSE,F
193,301128,Male,59,married,1,south,20.3,45316,rent,FALSE,F
194,1172004,Male,40,married,3,south,23.2,38368,with_parents,TRUE,T
195,812268,Male,47,married,3,south,10.6,21130,rent,TRUE,T
196,621480,Female,56,married,1,south,22.6,45672,with_parents,FALSE,F
197,1154520,Male,59,married,3,south,17.4,28361,with_parents,TRUE,T
198,453852,Female,29,married,1,south,24.4,57321,rent,FALSE,F
199,579120,Male,23,married,3,south,19.9,46442,with_parents,FALSE,F
200,693000,Male,46,married,1,south,16.9,54269,with_parents,FALSE,F
201,1018200,Male,24,married,1,south,23.5,21244,rent,TRUE,T
202,310164,Female,41,married,2,south,10.2,47554,rent,FALSE,F
203,1073148,Female,60,married,1,south,18.5,35108,with_parents,TRUE,T
204,1006416,Male,55,married,0,south,12,17499,rent,TRUE,F
205,821184,Male,46,married,3,south,11.1,17543,with_parents,TRUE,T
206,844656,Female,56,married,2,south,14,46811,with_parents,FALSE,F
207,592404,Female,42,married,2,south,20.1,59447,rent,FALSE,F
208,410688,Male,23,married,1,south,11.3,40420,with_parents,FALSE,F
209,994056,Male,28,married,1,south,15.8,19986,with_parents,TRUE,T
210,1188624,Female,62,married,3,south,11.9,48919,rent,FALSE,F
211,838128,Female,31,married,0,south,13.1,57793,rent,FALSE,F
212,753456,Female,56,married,1,south,10.5,36236,rent,FALSE,F
213,401040,Female,62,married,0,south,10.4,54610,rent,FALSE,F
214,266016,Female,54,married,2,south,11.3,49314,rent,FALSE,F
215,463920,Female,23,married,3,south,16.2,31696,with_parents,FALSE,F
216,687912,Male,50,married,3,south,21.4,16902,with_parents,TRUE,T
217,936720,Female,33,married,3,south,16.7,44077,rent,FALSE,F
218,1109016,Male,34,married,3,south,18.9,39510,rent,FALSE,F
219,943476,Female,32,married,0,south,14,25056,rent,TRUE,F
220,926652,Male,41,married,3,south,21.2,54732,rent,FALSE,F
221,860304,Male,31,married,3,south,19.5,27161,rent,TRUE,T
222,315240,Male,63,married,1,south,23.8,50183,rent,FALSE,F
223,1088868,Male,25,married,0,south,18.5,51663,with_parents,FALSE,F
224,1141080,Male,34,married,3,south,16,26323,rent,TRUE,T
225,476412,Female,63,married,2,south,13.2,35665,with_parents,FALSE,F
226,317880,Female,47,married,2,south,14,24418,rent,FALSE,F
227,1118844,Female,62,married,2,south,17.6,32870,with_parents,TRUE,T
228,439548,Male,24,married,2,south,23.6,45997,rent,FALSE,F
229,1199928,Male,47,married,3,south,23,39751,rent,TRUE,T
230,1083744,Male,24,married,3,south,14.2,20110,rent,TRUE,T
231,704976,Female,43,married,3,south,11.3,58096,with_parents,FALSE,F
232,325080,Male,47,married,2,south,12.9,45518,rent,FALSE,F
233,638556,Male,36,married,0,south,14.3,25328,with_parents,FALSE,F
234,999084,Male,54,married,0,south,14.3,59047,with_parents,FALSE,F
235,1149828,Male,30,single,0,south,19.6,54806,with_parents,FALSE,F
236,1107744,Male,39,single,2,south,22.1,36505,rent,TRUE,F
237,1048740,Male,59,single,1,south,14.1,59325,with_parents,FALSE,F
238,1042968,Female,23,single,0,south,17.1,37669,with_parents,FALSE,F
239,1023060,Female,57,single,0,south,24.3,26457,with_parents,TRUE,F
240,1021308,Male,41,single,1,south,20.2,26335,rent,TRUE,F
241,1010820,Male,40,single,0,south,12.6,26049,rent,TRUE,F
242,995952,Female,20,single,0,south,23.3,35260,rent,FALSE,F
243,905808,Male,41,single,0,south,22.1,52389,rent,FALSE,F
244,863664,Male,38,single,0,south,21,34283,rent,FALSE,F
245,849528,Female,21,single,0,south,23.6,38801,rent,FALSE,F
246,731580,Male,41,single,0,south,20.6,37602,with_parents,FALSE,F
247,541392,Female,42,single,0,south,19.1,42153,with_parents,FALSE,F
248,408276,Female,37,single,0,south,18.6,54422,with_parents,FALSE,F
249,360612,Female,51,single,0,south,14.1,55942,rent,FALSE,F
250,1011012,Female,23,single,0,south,22.3,45736,with_parents,FALSE,F
251,277488,Female,62,single,0,south,14.2,30473,with_parents,FALSE,F
252,341352,Male,33,single,0,south,24.2,54378,with_parents,FALSE,F
253,453900,Male,42,single,0,south,10.3,58059,with_parents,FALSE,F
254,894732,Female,34,single,0,south,10.3,36533,with_parents,FALSE,F
255,702384,Male,22,single,0,south,22.7,21861,rent,TRUE,F
256,853488,Male,44,single,0,south,13.7,35139,with_parents,FALSE,F
257,1178088,Female,60,single,0,south,18.1,20184,with_parents,TRUE,F
258,976680,Female,55,single,0,south,11.3,55849,with_parents,FALSE,F
259,826212,Male,62,single,0,south,19.3,54766,with_parents,FALSE,F
260,864840,Male,33,single,0,south,18.7,17245,rent,TRUE,F
261,655044,Female,36,single,0,south,11,59256,rent,FALSE,F
262,379476,Male,47,single,0,south,16.8,22621,with_parents,FALSE,F
263,956988,Female,35,single,0,south,16.4,23682,rent,TRUE,F
264,1043028,Female,47,single,0,south,13.5,43755,rent,FALSE,F
265,852612,Female,48,single,0,south,18.3,43007,with_parents,FALSE,F
266,1120380,Female,28,single,0,south,22.2,51110,rent,FALSE,F
267,716772,Male,37,single,0,south,20,23102,with_parents,TRUE,F
268,586092,Female,41,single,0,south,15.3,25142,rent,FALSE,F
269,1145196,Male,52,single,0,south,17.8,48614,rent,FALSE,F
270,1115232,Female,60,single,0,south,13.5,33646,with_parents,TRUE,F
271,639252,Female,42,single,0,south,22.8,34547,with_parents,FALSE,F
272,983556,Male,41,single,0,south,15.4,53889,with_parents,FALSE,F
273,467244,Female,47,single,0,south,21.5,54852,rent,FALSE,F
274,1031400,Female,63,single,0,south,21.6,29600,with_parents,TRUE,F
275,1132164,Male,27,single,0,south,24.9,43795,rent,FALSE,F
276,868080,Male,55,single,0,south,12.4,39584,rent,FALSE,F
277,873072,Female,54,single,0,south,24.7,32840,rent,FALSE,F
278,640740,Male,40,single,0,south,13,20504,rent,TRUE,F
279,486756,Male,22,single,0,south,11.5,17726,with_parents,FALSE,F
280,452268,Male,34,single,0,south,12,34753,rent,FALSE,F
281,767520,Female,22,single,0,south,9.5,44031,rent,FALSE,F
282,504036,Male,56,single,0,south,10.7,33173,rent,FALSE,F
283,1005180,Male,39,single,0,south,13.8,40892,rent,FALSE,F
284,1073100,Male,55,single,0,south,20.5,56509,with_parents,FALSE,F
285,638940,Female,38,single,0,south,13.6,35308,rent,FALSE,F
286,803136,Male,38,single,0,south,16.5,45805,rent,FALSE,F
287,1136220,Male,36,single,0,south,10.4,54537,with_parents,FALSE,F
288,1071672,Female,40,single,0,south,14.7,24714,with_parents,TRUE,T
289,913080,Male,60,single,0,south,23.6,47575,rent,FALSE,F
290,595320,Male,21,single,0,south,10.5,57204,rent,FALSE,F
291,286020,Male,59,single,0,south,19.9,36733,with_parents,FALSE,F
292,412920,Male,46,single,0,south,20,49646,with_parents,FALSE,F
293,446160,Female,54,single,0,south,24.8,54432,with_parents,FALSE,F
294,792432,Female,54,single,0,south,13.1,47743,with_parents,FALSE,F
295,1125444,Female,61,single,0,south,11,38782,with_parents,FALSE,F
296,1188204,Male,59,single,0,south,16.6,25493,rent,TRUE,F
297,644748,Female,36,single,0,south,12.4,51256,with_parents,FALSE,F
298,530904,Male,26,single,0,south,14.6,37201,rent,FALSE,F
299,554148,Male,41,single,0,south,15.9,56201,with_parents,FALSE,F
300,850512,Male,41,single,0,south,14.5,45855,with_parents,FALSE,F
301,758592,Female,44,single,0,south,17.2,55967,rent,FALSE,F
302,412380,Female,62,single,0,south,19.7,49498,rent,FALSE,F
303,645672,Male,40,single,0,south,18.3,19605,with_parents,TRUE,F
304,574956,Female,51,single,0,south,17.3,49921,rent,FALSE,F
305,814584,Female,51,single,0,south,14.5,41169,with_parents,FALSE,F
306,572748,Female,57,single,0,south,20.6,49472,rent,FALSE,F
307,555108,Male,30,single,0,south,12.5,26925,rent,FALSE,F
308,394176,Female,63,single,0,south,23,48061,with_parents,FALSE,F
309,890484,Male,27,single,0,south,9.5,23084,rent,TRUE,F
310,689280,Female,57,single,0,south,12.9,45664,with_parents,FALSE,F
311,520944,Male,59,single,0,south,9.2,59418,with_parents,FALSE,F
312,1105788,Female,50,single,0,south,10.6,17953,with_parents,TRUE,F
313,328020,Male,47,single,0,south,10,25615,with_parents,FALSE,F
314,801996,Male,36,single,0,south,19.3,32630,rent,FALSE,F
315,580596,Female,49,single,0,south,19.3,45167,rent,FALSE,F
316,538452,Female,26,single,0,south,22,33623,rent,FALSE,F
317,788892,Female,26,single,0,south,10.3,28018,with_parents,FALSE,F
318,769176,Male,40,single,0,south,10.3,59545,with_parents,FALSE,F
319,1105704,Female,59,single,0,south,10.4,41628,rent,FALSE,F
320,813012,Female,32,single,0,south,9,30010,rent,FALSE,F
321,562644,Male,21,single,0,south,24.4,16595,with_parents,TRUE,F
322,315204,Male,21,single,0,south,13.7,39475,rent,FALSE,F
323,463620,Female,55,single,0,south,22.2,50459,with_parents,FALSE,F
324,696420,Female,39,single,0,south,13.5,16982,rent,TRUE,F
325,305796,Male,39,single,0,south,15.1,19929,rent,FALSE,F
326,714408,Female,29,single,0,south,23.6,56470,with_parents,FALSE,F
327,354480,Male,51,single,0,south,10.1,30119,with_parents,FALSE,F
328,785700,Male,29,married,1,central,23.7,41180,rent,FALSE,F
329,370956,Male,50,married,2,central,26.6,30687,rent,FALSE,F
330,800424,Female,53,married,3,central,17.2,37314,rent,FALSE,F
331,837252,Female,60,married,0,central,25.9,17385,rent,TRUE,F
332,396264,Male,60,married,3,central,12.1,26961,with_parents,FALSE,F
333,312168,Female,63,single,0,central,26.4,25481,rent,FALSE,F
334,315480,Male,28,single,0,central,21.7,18374,with_parents,FALSE,F
335,1011900,Male,20,single,0,central,15.7,55276,with_parents,FALSE,F
336,353040,Female,29,single,0,central,12.6,56723,with_parents,FALSE,F
337,663588,Male,29,single,0,central,20,58742,rent,FALSE,F
338,360420,Male,23,single,0,central,21.6,21848,rent,FALSE,F
339,694296,Female,46,single,0,central,20.3,44877,with_parents,FALSE,F
340,1198428,Male,47,single,0,central,12.5,20837,with_parents,TRUE,F
341,1035048,Female,32,single,0,central,16.7,33747,with_parents,TRUE,F
342,306408,Female,35,single,0,central,18.2,54446,with_parents,FALSE,F
343,672468,Male,34,single,0,central,20.8,26766,rent,FALSE,F
344,587076,Male,58,single,0,central,27.7,23638,rent,FALSE,F
345,808764,Female,51,single,0,central,26.4,53833,with_parents,FALSE,F
346,323736,Male,21,single,0,central,28.7,57397,rent,FALSE,F
347,1178580,Male,38,married,3,central,14.1,48722,rent,FALSE,F
348,1157904,Male,33,married,2,central,13.1,24342,rent,TRUE,T
349,1144152,Male,59,married,1,central,12.1,56272,rent,FALSE,F
350,976800,Female,43,married,0,central,28,17513,rent,TRUE,F
351,909540,Female,50,married,3,central,24.3,23553,with_parents,TRUE,T
352,873300,Male,50,married,1,central,23.3,40175,with_parents,FALSE,F
353,692076,Male,53,married,1,central,27,58579,rent,FALSE,F
354,651144,Male,52,married,4,central,24.4,36674,rent,FALSE,F
355,566904,Male,44,married,3,central,27,44443,with_parents,FALSE,F
356,548472,Female,58,married,0,central,20.9,42167,rent,FALSE,F
357,480768,Male,42,married,1,central,28.8,59857,with_parents,FALSE,F
358,430680,Female,43,married,3,central,24.3,35470,with_parents,FALSE,F
359,319800,Female,43,married,2,central,29.6,30802,rent,FALSE,F
360,721812,Male,57,married,1,central,24.2,33219,with_parents,FALSE,F
361,698916,Male,64,married,1,central,18.6,55118,with_parents,FALSE,F
362,963732,Female,28,married,3,central,15.6,49047,with_parents,FALSE,F
363,1188180,Male,41,married,0,central,18.3,49455,with_parents,FALSE,F
364,1145292,Female,52,married,1,central,20.6,43824,with_parents,FALSE,T
365,1032384,Female,64,married,0,central,13.5,23122,with_parents,TRUE,F
366,352536,Male,27,married,3,central,19.1,36730,with_parents,FALSE,F
367,608580,Female,62,married,2,central,23.5,41582,with_parents,FALSE,F
368,497112,Female,45,married,2,central,24.1,29598,with_parents,FALSE,F
369,415860,Male,56,married,2,central,17.5,58393,rent,FALSE,F
370,454584,Male,57,married,3,central,28.8,22293,with_parents,FALSE,F
371,378060,Female,55,married,3,central,25.1,37612,rent,FALSE,F
372,775680,Female,24,married,3,central,25.5,40986,rent,FALSE,F
373,906600,Female,23,married,1,central,18.9,27035,with_parents,TRUE,T
374,954732,Female,31,married,3,central,29.5,32818,with_parents,FALSE,F
375,944340,Male,41,married,2,central,19.2,24227,with_parents,TRUE,T
376,981684,Male,54,married,3,central,28.2,40710,with_parents,FALSE,F
377,499260,Female,27,married,3,central,20.2,32288,with_parents,FALSE,F
378,1071840,Female,43,married,1,central,15.1,58950,rent,FALSE,F
379,643128,Male,61,married,2,central,12.7,51246,with_parents,FALSE,F
380,785208,Female,20,married,1,central,27.2,48471,with_parents,FALSE,F
381,1160952,Male,46,married,3,central,17.7,54164,with_parents,FALSE,F
382,327372,Female,56,married,1,central,12.1,26665,with_parents,FALSE,F
383,1065324,Male,64,married,0,central,25.6,59794,with_parents,FALSE,T
384,1070652,Female,25,married,1,central,12.8,52697,rent,FALSE,F
385,512808,Female,50,married,0,central,20.3,20583,with_parents,FALSE,F
386,388788,Male,32,married,0,central,26.3,25142,with_parents,FALSE,F
387,710964,Female,23,married,0,central,15.7,43724,with_parents,FALSE,F
388,568824,Female,23,married,3,central,24.7,57670,rent,FALSE,F
389,544224,Female,60,married,1,central,12.7,40776,rent,FALSE,F
390,887304,Female,56,married,0,central,25.3,37642,rent,FALSE,F
391,758244,Male,28,married,2,central,14.7,35790,rent,FALSE,F
392,953988,Female,50,married,1,central,28.2,40333,rent,FALSE,F
393,839976,Female,58,married,1,central,12.3,18295,with_parents,TRUE,T
394,961836,Female,52,married,0,central,29.8,21920,with_parents,TRUE,F
395,1064388,Male,33,married,1,central,24.4,31849,with_parents,TRUE,T
396,359148,Male,35,married,1,central,16.2,58109,rent,FALSE,F
397,529116,Male,27,married,0,central,13.1,23412,with_parents,FALSE,F
398,1021104,Male,57,married,1,central,19.7,43694,with_parents,FALSE,F
399,1123620,Female,64,married,0,central,16.6,18156,rent,TRUE,F
400,844104,Male,22,married,1,central,28.2,38539,rent,FALSE,F
401,428040,Male,45,married,1,central,18.7,51895,rent,FALSE,F
402,464592,Male,55,married,3,central,20.7,24136,with_parents,FALSE,F
403,1186296,Female,25,married,2,central,27.5,43679,rent,FALSE,T
404,877452,Male,37,married,0,central,19.2,55025,with_parents,FALSE,F
405,894936,Male,55,married,0,central,13.9,56412,with_parents,FALSE,F
406,316140,Male,61,married,0,central,19.7,31143,with_parents,FALSE,F
407,878148,Female,60,married,1,central,27.8,30018,rent,FALSE,F
408,1023612,Male,36,married,3,central,15.3,34348,with_parents,FALSE,F
409,741396,Male,23,married,3,central,29.6,43649,rent,FALSE,F
410,407352,Female,34,married,2,central,25.8,17713,with_parents,FALSE,F
411,1030824,Male,31,married,0,central,14.5,18520,with_parents,TRUE,F
412,1061316,Male,43,married,1,central,22.2,48132,with_parents,FALSE,T
413,948348,Female,26,married,0,central,28.9,29205,rent,TRUE,F
414,682512,Male,49,married,0,central,28.5,17419,with_parents,TRUE,F
415,1057044,Male,52,married,1,central,19.6,27143,rent,TRUE,T
416,870636,Male,40,married,3,central,23.7,36379,rent,FALSE,F
417,409332,Female,54,married,2,central,18.7,53716,with_parents,FALSE,F
418,477768,Male,57,married,0,central,21.7,33453,with_parents,FALSE,F
419,392196,Male,36,married,2,central,21,40433,with_parents,FALSE,F
420,1101384,Female,23,married,0,central,14.8,34096,with_parents,TRUE,F
421,359184,Male,33,married,2,central,19.7,56463,rent,FALSE,F
422,780312,Female,41,married,1,central,21.7,48019,with_parents,FALSE,F
423,1158804,Female,46,married,1,central,29.5,50680,rent,FALSE,T
424,893940,Male,27,married,0,central,19.7,57707,rent,FALSE,F
425,305004,Female,20,married,0,central,22.6,37189,with_parents,FALSE,F
426,800868,Male,29,married,0,central,24.9,29917,with_parents,FALSE,F
427,1191648,Female,41,married,2,central,21.8,40881,rent,FALSE,T
428,722460,Female,40,married,1,central,15.1,25311,rent,FALSE,F
429,677844,Female,39,married,0,central,27.7,47771,with_parents,FALSE,F
430,326364,Female,20,married,0,central,28.8,52957,with_parents,FALSE,F
431,818604,Female,45,married,3,central,26,41595,rent,FALSE,F
432,325344,Male,63,married,0,central,18.3,41182,rent,FALSE,F
433,410916,Male,59,married,2,central,26.1,42059,rent,FALSE,F
434,1101624,Female,32,married,2,central,14.6,48817,with_parents,FALSE,F
435,638628,Female,31,married,0,central,24.6,19176,rent,TRUE,F
436,341556,Male,55,married,3,central,19.5,33355,rent,FALSE,F
437,1048188,Female,30,married,1,central,26.7,48543,with_parents,FALSE,T
438,277896,Female,25,married,0,central,20.1,36169,rent,FALSE,F
439,656196,Male,64,married,0,central,25.1,27134,rent,FALSE,F
440,985044,Male,53,married,0,central,26.1,33531,rent,FALSE,F
441,982656,Male,38,married,0,central,18.7,38201,with_parents,FALSE,F
442,924384,Male,59,married,2,central,24.8,26390,with_parents,TRUE,T
443,566712,Female,23,married,0,central,29.2,34739,with_parents,FALSE,F
444,390360,Male,42,married,1,central,24.4,29939,rent,FALSE,F
445,349848,Female,28,married,1,central,21.2,30063,rent,FALSE,F
446,1036092,Male,56,married,2,central,15.7,38391,with_parents,FALSE,F
447,753936,Female,39,married,0,central,23.3,49930,rent,FALSE,F
448,872544,Male,30,married,0,central,28.8,47118,with_parents,FALSE,F
449,938292,Female,64,married,1,central,23.1,42839,rent,FALSE,F
450,975552,Male,39,married,0,central,27.5,26936,rent,TRUE,F
451,929040,Female,24,married,3,central,17.1,59501,with_parents,FALSE,F
452,337356,Female,45,married,1,central,26.5,21522,with_parents,FALSE,F
453,727128,Male,33,married,1,central,22.2,32532,rent,FALSE,F
454,279060,Male,55,married,0,central,28.1,25034,with_parents,FALSE,F
455,1152732,Male,34,married,0,central,28.3,27522,with_parents,TRUE,T
456,467736,Male,21,married,1,central,21.1,56465,with_parents,FALSE,F
457,556776,Male,53,married,1,central,20.4,19725,rent,FALSE,F
458,603792,Female,64,married,3,central,26.2,53293,rent,FALSE,F
459,548124,Male,21,married,1,central,13.2,50458,rent,FALSE,F
460,555972,Male,62,married,3,central,21,57048,with_parents,FALSE,F
461,907980,Male,20,married,3,central,12.9,20443,rent,TRUE,T
462,775980,Female,27,married,3,central,14.4,31014,rent,FALSE,F
463,1121880,Female,26,married,1,central,23.2,34926,rent,TRUE,T
464,471120,Male,59,married,3,central,18.5,28058,with_parents,FALSE,F
465,979788,Female,24,married,2,central,19.3,32987,rent,FALSE,F
466,1014720,Female,47,married,0,central,29.8,47052,with_parents,FALSE,T
467,555564,Female,62,married,3,central,24.5,45082,rent,FALSE,F
468,1190844,Male,35,married,2,central,22.3,30971,rent,TRUE,T
469,1023480,Female,53,married,0,central,17.7,42275,with_parents,FALSE,F
470,934956,Male,21,married,3,central,26.3,48785,with_parents,FALSE,F
471,915744,Male,34,married,0,central,19.1,37718,rent,FALSE,F
472,1029744,Male,34,married,3,central,14,57957,rent,FALSE,F
473,602172,Female,64,married,3,central,12.3,58872,rent,FALSE,F
474,534864,Male,42,married,3,central,19.4,23302,with_parents,FALSE,F
475,1163688,Male,20,married,2,central,20.7,43843,rent,FALSE,T
476,521064,Male,43,married,3,central,22.5,38359,with_parents,FALSE,F
477,1068456,Female,21,married,2,central,22.4,22100,with_parents,TRUE,T
478,847272,Male,34,married,1,central,28.4,24956,rent,TRUE,T
479,368676,Female,41,married,2,central,22.1,49518,with_parents,FALSE,F
480,684840,Male,32,married,3,central,15.6,34902,rent,FALSE,F
481,434952,Male,37,married,2,central,28.4,24959,with_parents,FALSE,F
482,885000,Male,46,married,2,central,27.1,19263,rent,TRUE,T
483,653784,Female,20,married,2,central,14.1,55047,rent,FALSE,F
484,470760,Male,21,married,0,central,13.5,34193,rent,FALSE,F
485,272160,Male,39,married,2,central,13.2,18017,with_parents,FALSE,F
486,965820,Female,43,married,1,central,26.4,19561,with_parents,TRUE,T
487,996408,Female,50,married,1,central,28.5,58834,rent,FALSE,F
488,631320,Male,50,married,3,central,23.2,34778,with_parents,FALSE,F
489,1048512,Male,22,married,1,central,16.5,44132,rent,FALSE,F
490,868776,Female,45,married,0,central,27.8,53984,with_parents,FALSE,F
491,265260,Male,53,married,2,central,15.8,35761,rent,FALSE,F
492,966312,Male,43,married,3,central,27.5,57523,with_parents,FALSE,F
493,529704,Female,36,married,2,central,26.4,56469,with_parents,FALSE,F
494,737640,Female,49,married,2,central,22,54719,rent,FALSE,F
495,784440,Male,51,married,2,central,19.8,16952,rent,TRUE,T
496,786252,Male,45,married,2,central,21.9,21846,rent,TRUE,T
497,968340,Female,64,married,0,central,12.4,36064,rent,FALSE,F
498,271284,Male,22,married,1,central,24.6,40686,rent,FALSE,F
499,1155636,Female,63,married,2,central,15.8,23684,rent,TRUE,T
500,778308,Male,33,married,1,central,16.5,43662,rent,FALSE,F
501,469680,Male,40,married,0,central,13.3,57321,rent,FALSE,F
502,797172,Female,58,married,3,central,15.8,42135,with_parents,FALSE,F
503,904800,Male,58,married,2,central,27.7,52647,rent,FALSE,F
504,1142508,Male,42,married,0,central,25.5,35815,rent,TRUE,T
505,658404,Male,48,married,2,central,13.1,23121,with_parents,FALSE,F
506,300684,Female,35,married,1,central,20.7,49712,with_parents,FALSE,F
507,524016,Female,33,married,0,central,19.7,49775,with_parents,FALSE,F
508,283728,Male,53,married,1,central,16.8,30887,with_parents,FALSE,F
509,1051992,Male,26,married,3,central,29.6,54366,rent,FALSE,T
510,1144380,Male,23,single,0,central,24.2,33770,with_parents,TRUE,F
511,1122396,Female,31,single,0,central,16.4,31484,with_parents,TRUE,F
512,1117308,Male,35,single,0,central,26.3,43147,rent,FALSE,F
513,1070292,Male,27,single,0,central,25.6,48485,with_parents,FALSE,F
514,1032612,Female,54,single,2,central,25.1,37651,with_parents,FALSE,F
515,1016580,Male,29,single,0,central,21.8,57739,rent,FALSE,F
516,917376,Male,26,single,0,central,16.5,33146,rent,FALSE,F
517,605844,Male,54,single,0,central,16.9,50792,with_parents,FALSE,F
518,575808,Male,60,single,0,central,13.5,50177,rent,FALSE,F
519,541908,Female,49,single,0,central,12,39017,with_parents,FALSE,F
520,533556,Male,45,single,0,central,21.7,55837,rent,FALSE,F
521,526188,Male,20,single,0,central,28.6,41389,with_parents,FALSE,F
522,502956,Female,54,single,0,central,21.1,33230,with_parents,FALSE,F
523,502704,Female,48,single,0,central,24.2,58151,rent,FALSE,F
524,473148,Male,47,single,0,central,15.4,23601,with_parents,FALSE,F
525,394440,Female,27,single,0,central,25,38603,with_parents,FALSE,F
526,359148,Female,48,single,0,central,13.4,43612,rent,FALSE,F
527,320712,Male,24,single,0,central,24.1,37764,with_parents,FALSE,F
528,1187232,Female,39,single,0,central,22.9,49275,rent,FALSE,F
529,425364,Male,32,single,0,central,25.4,41924,rent,FALSE,F
530,525276,Female,39,single,1,central,13.1,47098,rent,FALSE,F
531,685596,Female,28,single,0,central,23.4,17834,with_parents,TRUE,F
532,1047504,Male,32,single,0,central,18.5,23433,rent,TRUE,F
533,448212,Female,22,single,0,central,14.6,47951,rent,FALSE,F
534,1186416,Male,45,single,0,central,18.4,30962,rent,TRUE,F
535,1006200,Male,48,single,0,central,27,22430,rent,TRUE,F
536,427944,Female,20,single,0,central,13.8,51548,with_parents,FALSE,F
537,1029132,Male,55,single,0,central,18.3,26894,rent,TRUE,F
538,911700,Female,42,single,0,central,14.5,54899,with_parents,FALSE,F
539,1126560,Male,44,single,0,central,21.6,54773,with_parents,FALSE,F
540,983112,Female,35,single,0,central,20.1,42914,with_parents,FALSE,F
541,515604,Female,39,single,0,central,28.3,58473,with_parents,FALSE,F
542,784596,Male,39,single,0,central,13.5,55693,with_parents,FALSE,F
543,276024,Male,55,single,0,central,20.2,26017,with_parents,FALSE,F
544,432300,Female,27,single,0,central,16.5,22507,with_parents,FALSE,F
545,897252,Female,52,single,0,central,18.1,20619,with_parents,TRUE,F
546,453960,Male,46,single,0,central,15.6,34797,with_parents,FALSE,F
547,1003296,Female,32,single,0,central,27.1,30361,with_parents,TRUE,F
548,936576,Female,21,single,0,central,23.7,28909,with_parents,TRUE,F
549,871764,Male,23,single,0,central,26.3,55556,with_parents,FALSE,F
550,724788,Female,48,single,0,central,17.4,36673,rent,FALSE,F
551,496068,Female,47,single,0,central,15,44926,rent,FALSE,F
552,835800,Male,56,single,0,central,22.2,22655,with_parents,TRUE,F
553,610368,Male,63,single,0,central,25.9,30086,rent,FALSE,F
554,665460,Female,31,single,0,central,23.1,47071,with_parents,FALSE,F
555,855624,Female,45,single,0,central,28.4,48283,rent,FALSE,F
556,898932,Female,57,single,0,central,19.5,33097,with_parents,FALSE,F
557,380064,Male,20,single,0,central,24.2,16062,rent,FALSE,F
558,266232,Male,43,single,0,central,19.3,47923,rent,FALSE,F
559,1132776,Male,47,single,0,central,16.1,53514,with_parents,FALSE,F
560,342048,Male,45,single,0,central,24.8,57376,rent,FALSE,F
561,869376,Male,30,single,0,central,19.2,16488,rent,TRUE,F
562,798360,Female,27,single,0,central,26.4,45731,rent,FALSE,F
563,1111728,Female,58,single,1,central,14.1,52973,with_parents,FALSE,F
564,777504,Male,30,single,0,central,28,46917,with_parents,FALSE,F
565,380136,Male,27,single,0,central,15.7,27083,with_parents,FALSE,F
566,424632,Male,38,single,0,central,19.9,39074,rent,FALSE,F
567,367020,Male,20,single,0,central,20.3,38207,with_parents,FALSE,F
568,586464,Male,60,single,0,central,26.5,56246,rent,FALSE,F
569,1084056,Male,25,single,0,central,14.4,43607,with_parents,FALSE,F
570,566148,Male,64,single,0,central,24.4,57591,with_parents,FALSE,F
571,1128792,Female,52,single,0,central,14.2,51583,rent,FALSE,F
572,493620,Female,28,single,0,central,13.9,25112,with_parents,FALSE,F
573,795372,Male,64,single,0,central,22.9,45844,with_parents,FALSE,F
574,353472,Female,38,single,0,central,13.3,21587,rent,FALSE,F
575,324360,Female,33,single,0,central,25.4,31223,with_parents,FALSE,F
576,985236,Female,20,single,0,central,25,51947,rent,FALSE,F
577,1008360,Female,46,single,0,central,18.9,50757,rent,FALSE,F
578,1080432,Male,43,single,0,central,18.3,20204,with_parents,TRUE,F
579,799404,Female,59,single,0,central,26.4,58978,rent,FALSE,F
580,1000932,Male,35,single,0,central,29.6,58165,with_parents,FALSE,F
581,992880,Male,30,single,0,central,21.7,40227,rent,FALSE,F
582,378108,Male,55,single,0,central,26.3,48422,rent,FALSE,F
583,641412,Female,59,single,0,central,23.5,59137,rent,FALSE,F
584,637872,Male,25,single,0,central,17.2,45669,rent,FALSE,F
585,865884,Male,53,single,0,central,27.6,50701,rent,FALSE,F
586,1187316,Male,58,single,0,central,25.2,31329,with_parents,TRUE,F
587,1091088,Male,32,single,0,central,18.9,18652,rent,TRUE,F
588,348732,Female,55,single,0,central,20.3,21255,rent,FALSE,F
589,1097136,Male,45,single,0,central,25.6,55664,with_parents,FALSE,F
590,799680,Male,33,single,0,central,25.9,34894,with_parents,FALSE,F
591,276000,Female,37,single,0,central,25.7,25909,rent,FALSE,F
592,349332,Female,23,single,0,central,14.5,22112,with_parents,FALSE,F
593,595632,Female,25,single,0,central,15.5,54430,with_parents,FALSE,F
594,509052,Female,39,single,0,central,15.1,46200,rent,FALSE,F
595,1162164,Female,50,single,0,central,27.6,52603,rent,FALSE,F
596,735492,Male,58,single,0,central,18.6,33954,with_parents,FALSE,F
597,391608,Male,50,single,0,central,25.9,51791,with_parents,FALSE,F
598,535200,Female,56,single,0,central,28.8,45739,with_parents,FALSE,F
599,1058124,Male,41,single,0,central,27.6,34192,with_parents,TRUE,F
600,598716,Male,41,single,0,central,13.4,38871,rent,FALSE,F
601,388404,Male,39,single,0,central,24,20224,with_parents,FALSE,F
602,368328,Male,55,single,0,central,28,17038,with_parents,FALSE,F
603,914796,Female,64,single,0,central,13.8,52034,with_parents,FALSE,F
604,883020,Female,41,single,0,central,20.8,55713,with_parents,FALSE,F
605,835584,Female,57,single,0,central,28.8,23384,with_parents,TRUE,F
606,996408,Female,23,single,0,central,25.8,41986,with_parents,FALSE,F
607,702804,Female,46,single,0,central,21.6,49714,with_parents,FALSE,F
608,884256,Male,31,single,0,central,25.8,53219,rent,FALSE,F
609,1159140,Male,49,single,0,central,27,20152,rent,TRUE,F
610,1062336,Female,25,single,0,central,28.4,29829,with_parents,TRUE,F
611,804444,Female,56,single,0,central,16,49693,rent,FALSE,F
612,895344,Female,62,single,0,central,17.9,37401,rent,FALSE,F
613,905364,Male,43,single,0,central,12.2,31691,rent,FALSE,F
614,967512,Female,37,single,0,central,15.8,19792,with_parents,TRUE,F
615,397740,Male,20,single,0,central,22.8,33062,rent,FALSE,F
616,993912,Male,27,single,0,central,19.6,57890,rent,FALSE,F
617,1081896,Male,33,single,0,central,25.6,59076,rent,FALSE,F
618,920004,Male,30,single,0,central,29.4,54366,rent,FALSE,F
619,1121748,Male,36,single,0,central,21.1,42955,rent,FALSE,F
620,317136,Male,49,single,0,central,14.3,56446,with_parents,FALSE,F
621,664260,Female,34,single,0,central,15.2,53036,rent,FALSE,F
622,1148208,Male,40,single,0,central,22.5,16311,rent,TRUE,F
623,472020,Male,58,single,0,central,23.6,58818,rent,FALSE,F
624,1131564,Male,40,single,0,central,18.7,38505,rent,FALSE,F
625,1169184,Male,57,single,0,central,12.8,53289,rent,FALSE,F
626,1019232,Female,45,single,0,central,21.1,53632,with_parents,FALSE,F
627,465240,Male,51,single,0,central,19.1,28442,rent,FALSE,F
628,291816,Female,62,single,0,central,18.3,51027,with_parents,FALSE,F
629,1088100,Female,64,single,0,central,23.7,34860,rent,TRUE,F
630,700800,Male,22,single,0,central,13.7,59361,with_parents,FALSE,F
631,886620,Female,64,single,0,central,15.5,36613,with_parents,FALSE,F
632,816060,Male,34,single,0,central,26.1,34921,with_parents,FALSE,F
633,638868,Female,24,single,0,central,18.6,36750,with_parents,FALSE,F
634,1005600,Female,30,single,0,central,29.5,24562,rent,TRUE,F
635,877416,Male,37,single,0,central,15.1,42928,rent,FALSE,F
636,840996,Male,35,single,0,central,16.2,45215,rent,FALSE,F
637,951156,Female,22,single,0,central,17.8,19174,rent,TRUE,F
638,436152,Female,52,single,0,central,27,53277,with_parents,FALSE,F
639,886212,Female,39,single,0,central,14.9,32468,with_parents,FALSE,F
640,976080,Female,22,single,0,central,27.1,51940,rent,FALSE,F
641,779508,Female,52,single,0,central,18.5,45728,with_parents,FALSE,F
642,1135584,Female,31,single,0,central,24,26606,with_parents,TRUE,F
643,439524,Male,30,single,0,central,25.1,22545,rent,FALSE,F
644,294432,Male,33,single,0,central,14.2,18537,with_parents,FALSE,F
645,1162716,Male,20,single,0,central,16.3,29690,rent,TRUE,F
646,487452,Male,45,single,0,central,23.5,18820,with_parents,FALSE,F
647,293400,Female,31,single,0,central,21.3,33681,with_parents,FALSE,F
648,893520,Male,50,single,0,central,25.9,53697,rent,FALSE,F
649,1024872,Male,54,single,0,central,18.6,52122,with_parents,FALSE,F
650,964740,Male,63,single,0,central,22.9,31525,with_parents,TRUE,F
651,461460,Male,44,single,0,central,14.8,18772,with_parents,FALSE,F
652,742248,Male,23,single,0,central,17,45685,with_parents,FALSE,F
653,604020,Male,64,single,0,central,17.5,54321,rent,FALSE,F
654,1031796,Male,23,single,0,central,26.3,48315,with_parents,FALSE,F
655,753528,Male,55,married,1,north,65.2,16008,rent,TRUE,T
656,874200,Female,49,married,0,north,63.1,59979,with_parents,FALSE,F
657,1045452,Male,49,married,3,north,48.1,36887,rent,FALSE,F
658,610044,Male,31,married,0,north,68.1,33442,with_parents,FALSE,F
659,737232,Male,48,married,1,north,80.5,46815,rent,FALSE,F
660,414828,Female,51,married,3,north,62.7,48590,rent,FALSE,F
661,1028616,Female,48,married,3,north,79.5,22970,with_parents,TRUE,T
662,1001280,Male,52,married,2,north,78.2,16774,with_parents,TRUE,T
663,698268,Male,34,married,0,north,54.6,32567,rent,FALSE,F
664,940224,Female,38,married,1,north,73.1,26878,rent,TRUE,T
665,1008324,Female,61,married,3,north,82.1,22873,with_parents,TRUE,T
666,288168,Male,51,married,3,north,51.2,34643,rent,FALSE,F
667,327924,Male,53,married,0,north,59.4,26192,rent,FALSE,F
668,959760,Female,28,married,2,north,49.3,40440,rent,FALSE,F
669,764868,Female,27,married,2,north,72.5,26715,rent,FALSE,F
670,315540,Male,47,married,2,north,80.3,35171,rent,FALSE,F
671,1139988,Female,44,married,1,north,67.7,47050,with_parents,FALSE,F
672,534192,Female,51,married,3,north,63.6,29340,rent,FALSE,F
673,698304,Female,39,married,3,north,47.4,30603,with_parents,FALSE,F
674,588168,Male,58,married,1,north,75.6,48079,with_parents,FALSE,F
675,1168008,Male,27,married,3,north,46.3,22571,with_parents,TRUE,T
676,700188,Male,47,married,0,north,84,57938,rent,FALSE,F
677,1172652,Male,31,single,0,north,37.7,31006,rent,TRUE,F
678,781308,Male,20,single,0,north,68.7,43737,rent,FALSE,F
679,392520,Female,34,single,0,north,37,31975,with_parents,FALSE,F
680,708816,Female,30,single,0,north,50.4,26800,rent,FALSE,F
681,678948,Female,58,single,0,north,67.2,57362,with_parents,FALSE,F
682,933132,Male,43,single,0,north,43.5,53315,with_parents,FALSE,F
683,545040,Male,55,single,0,north,55.7,38783,rent,FALSE,F
684,791100,Male,53,single,0,north,43.8,33697,with_parents,FALSE,F
685,438420,Male,47,single,0,north,61.6,39526,rent,FALSE,F
686,288708,Male,23,single,0,north,55.2,43427,rent,FALSE,F
687,384336,Male,24,single,0,north,44.4,52809,rent,FALSE,F
688,571884,Male,20,single,0,north,66.9,47267,rent,FALSE,F
689,491412,Female,36,single,0,north,71.2,42018,rent,FALSE,F
690,740640,Female,47,single,0,north,81.1,48667,with_parents,FALSE,F
691,391080,Female,31,single,0,north,67,24395,with_parents,FALSE,F
692,411600,Female,57,single,0,north,38.7,28063,rent,FALSE,F
693,542688,Male,35,single,0,north,38.4,20787,with_parents,FALSE,F
694,1078788,Female,50,single,0,north,66.3,34273,rent,TRUE,F
695,997740,Female,23,single,0,north,70.5,59469,rent,FALSE,F
696,548892,Male,33,single,0,north,64.4,30434,with_parents,FALSE,F
697,1125324,Female,21,married,1,north,68.6,40304,rent,FALSE,F
698,1084884,Male,29,married,1,north,78.6,24687,with_parents,TRUE,T
699,1068348,Male,26,married,1,north,11.2,51723,with_parents,FALSE,F
700,1056336,Male,46,married,2,north,63.9,52945,with_parents,FALSE,F
701,1006524,Female,38,married,1,north,38.9,37102,with_parents,FALSE,F
702,1001208,Male,35,married,1,north,14.7,27631,with_parents,TRUE,T
703,953016,Female,30,married,0,north,63.6,17287,rent,TRUE,F
704,932136,Male,58,married,2,north,43.1,55591,rent,FALSE,F
705,660432,Female,61,married,1,north,45.9,33401,with_parents,FALSE,F
706,544512,Male,33,married,2,north,42.7,41433,rent,FALSE,F
707,449124,Female,52,married,2,north,77.3,42165,rent,FALSE,F
708,446880,Female,31,married,0,north,39.7,55464,with_parents,FALSE,F
709,307080,Male,56,married,3,north,47.7,23837,with_parents,FALSE,F
710,288036,Female,56,married,4,north,84.1,35513,with_parents,FALSE,F
711,277404,Female,39,married,2,north,56.4,31432,rent,FALSE,F
712,1099788,Female,42,married,1,north,67.7,40908,with_parents,FALSE,F
713,821676,Male,54,married,1,north,66.4,24924,rent,TRUE,T
714,698400,Male,63,married,3,north,42.7,59222,with_parents,FALSE,F
715,876996,Female,58,married,0,north,76.7,33941,with_parents,FALSE,F
716,883464,Female,31,married,2,north,47.7,47361,rent,FALSE,F
717,783324,Male,48,married,1,north,58.9,54958,rent,FALSE,F
718,623112,Male,49,married,1,north,40.1,53530,rent,FALSE,F
719,851568,Female,34,married,3,north,57.3,24236,with_parents,TRUE,T
720,729612,Female,56,married,3,north,70.2,51316,with_parents,FALSE,F
721,471672,Female,40,married,3,north,84.9,54292,with_parents,FALSE,F
722,881412,Female,53,married,0,north,63.5,42070,rent,FALSE,F
723,975468,Male,41,married,2,north,69.7,39810,rent,FALSE,F
724,626844,Male,55,married,1,north,39.9,58540,with_parents,FALSE,F
725,1002864,Female,58,married,3,north,63.5,58180,with_parents,FALSE,F
726,801168,Female,20,married,0,north,38.9,24836,rent,TRUE,F
727,534396,Male,58,married,3,north,58,43400,with_parents,FALSE,F
728,425568,Female,29,married,3,north,79.9,29211,with_parents,FALSE,F
729,668028,Male,59,married,1,north,41.9,36255,with_parents,FALSE,F
730,561096,Male,46,married,1,north,63.2,26321,with_parents,FALSE,F
731,876312,Male,38,married,2,north,46.6,33452,with_parents,FALSE,F
732,738060,Female,40,married,0,north,50.2,16967,rent,TRUE,F
733,570636,Female,50,married,3,north,49.2,36613,rent,FALSE,F
734,1006188,Female,29,married,2,north,46.5,18697,rent,TRUE,T
735,264204,Female,26,married,1,north,70.4,25098,with_parents,FALSE,F
736,1069704,Female,60,married,0,north,44.2,29890,rent,TRUE,F
737,587640,Female,41,married,1,north,40,24549,with_parents,FALSE,F
738,547668,Female,39,married,2,north,40.4,34546,with_parents,FALSE,F
739,551652,Female,33,married,2,north,87.3,57258,with_parents,FALSE,F
740,352980,Female,52,married,0,north,56.4,36219,rent,FALSE,F
741,891624,Male,39,married,0,north,77,56318,rent,FALSE,F
742,334332,Female,24,married,3,north,47.9,22893,rent,FALSE,F
743,891948,Male,39,married,1,north,78.9,28231,with_parents,TRUE,T
744,1141128,Female,56,married,1,north,72.3,54958,rent,FALSE,F
745,548904,Male,29,married,0,north,67.2,34715,with_parents,FALSE,F
746,484692,Female,42,married,1,north,42.7,57005,rent,FALSE,F
747,1110588,Male,47,married,0,north,68.3,19299,with_parents,TRUE,F
748,628620,Male,35,married,1,north,71.2,51353,rent,FALSE,F
749,1198236,Male,40,married,3,north,37.6,41529,with_parents,FALSE,F
750,1062252,Male,52,married,2,north,87.4,17832,with_parents,TRUE,T
751,587040,Female,32,married,3,north,86.8,49024,with_parents,FALSE,F
752,1162788,Female,62,married,0,north,54.9,45817,with_parents,FALSE,F
753,987252,Female,20,married,0,north,62.6,34163,with_parents,FALSE,F
754,767844,Male,58,married,0,north,49.6,49346,rent,FALSE,F
755,1184484,Male,32,married,0,north,66.1,57523,with_parents,FALSE,F
756,860112,Male,41,married,0,north,65.6,41076,rent,FALSE,F
757,1151724,Male,23,married,2,north,80.7,30442,rent,TRUE,T
758,864840,Female,49,married,3,north,75.2,24822,with_parents,TRUE,T
759,780492,Male,60,married,1,north,63.9,22384,with_parents,TRUE,T
760,297756,Female,55,married,0,north,65.5,34376,rent,FALSE,F
761,692196,Male,58,married,2,north,60.1,34859,rent,FALSE,F
762,887340,Female,23,married,3,north,71.6,52253,rent,FALSE,F
763,577716,Female,28,married,1,north,65.6,51957,with_parents,FALSE,F
764,1006512,Male,59,married,3,north,45.1,48032,with_parents,FALSE,F
765,1170120,Male,37,married,0,north,75.5,46858,rent,FALSE,F
766,937740,Male,47,married,0,north,44,39493,rent,FALSE,F
767,1006560,Male,59,married,2,north,39.2,30078,rent,TRUE,T
768,460884,Male,34,married,3,north,54.7,54201,rent,FALSE,F
769,503052,Male,39,married,1,north,54.7,59517,with_parents,FALSE,F
770,711936,Female,50,married,2,north,38,40170,with_parents,FALSE,F
771,1138992,Male,29,married,1,north,50.1,50470,rent,FALSE,F
772,1172028,Female,29,married,2,north,82.8,51573,rent,FALSE,F
773,473748,Male,21,married,3,north,47.3,26741,rent,FALSE,F
774,855060,Female,32,married,3,north,83.6,17541,with_parents,TRUE,T
775,1034208,Female,51,married,3,north,74.2,48969,with_parents,FALSE,F
776,534756,Female,26,married,1,north,69.3,46423,rent,FALSE,F
777,953496,Female,24,married,3,north,65.7,19303,rent,TRUE,T
778,1112268,Female,45,married,0,north,67.6,50868,rent,FALSE,F
779,859968,Female,35,married,1,north,68.3,30764,rent,FALSE,F
780,815184,Female,52,married,0,north,41.9,30206,with_parents,FALSE,F
781,984012,Male,40,married,0,north,52.6,57979,with_parents,FALSE,F
782,1171236,Male,57,married,1,north,70.8,49072,with_parents,FALSE,F
783,711372,Female,27,married,2,north,52.9,59980,rent,FALSE,F
784,896244,Female,28,married,3,north,77.2,57882,rent,FALSE,F
785,497892,Male,30,married,1,north,43.9,18397,rent,FALSE,F
786,696228,Female,32,married,3,north,59.1,20584,with_parents,TRUE,T
787,632676,Female,46,married,1,north,46.9,34568,with_parents,FALSE,F
788,489612,Female,46,married,2,north,60.5,55950,rent,FALSE,F
789,307776,Female,53,married,0,north,73.2,22535,rent,FALSE,F
790,770916,Female,30,married,0,north,37.4,35427,with_parents,FALSE,F
791,456408,Male,45,married,3,north,62.7,58550,with_parents,FALSE,F
792,1065852,Male,30,married,1,north,78.6,27855,with_parents,TRUE,T
793,800388,Female,33,married,0,north,40.1,17360,rent,TRUE,F
794,322488,Female,25,married,2,north,87.6,28759,with_parents,FALSE,F
795,638160,Male,52,married,2,north,55.1,54200,rent,FALSE,F
796,275052,Male,35,married,0,north,61.7,30948,rent,FALSE,F
797,951648,Male,47,married,3,north,50.7,43604,with_parents,FALSE,F
798,614280,Male,49,married,1,north,55.4,22957,with_parents,FALSE,F
799,982092,Female,49,married,2,north,83,30545,with_parents,TRUE,T
800,1081476,Male,29,married,1,north,80.9,43658,rent,FALSE,F
801,932328,Female,58,married,0,north,81.9,25614,with_parents,TRUE,F
802,1141500,Female,64,married,3,north,76.7,45230,rent,FALSE,F
803,425676,Male,46,married,2,north,44,46437,rent,FALSE,F
804,909384,Female,38,married,0,north,50.6,46704,with_parents,FALSE,F
805,457464,Female,40,married,0,north,47.9,41529,rent,FALSE,F
806,445596,Female,61,married,1,north,76.7,25749,rent,FALSE,F
807,1169772,Male,63,married,0,north,73.4,16275,rent,TRUE,F
808,806820,Female,37,married,0,north,77.5,53034,with_parents,FALSE,F
809,869184,Male,41,married,1,north,73.7,19740,rent,TRUE,T
810,978720,Female,23,married,1,north,77.9,24726,with_parents,TRUE,T
811,608124,Female,35,married,0,north,50.7,53997,rent,FALSE,F
812,919512,Male,40,married,2,north,46.1,27849,with_parents,TRUE,T
813,942108,Female,64,married,0,north,78.5,26107,with_parents,TRUE,F
814,816540,Male,32,married,1,north,77.3,47617,rent,FALSE,F
815,617916,Female,26,married,3,north,79.4,21254,with_parents,FALSE,F
816,1086864,Female,27,married,3,north,37.5,42307,with_parents,FALSE,F
817,595632,Male,38,married,1,north,85.4,59999,rent,FALSE,F
818,1178388,Female,41,married,2,north,38.5,51491,rent,FALSE,F
819,724272,Male,62,married,1,north,52.1,32660,with_parents,FALSE,F
820,461280,Female,47,married,1,north,38.6,21464,rent,FALSE,F
821,890832,Male,40,married,1,north,71.3,54402,with_parents,FALSE,F
822,639012,Female,29,married,1,north,38.2,32867,rent,FALSE,F
823,895428,Male,47,married,1,north,80.5,33495,rent,FALSE,F
824,481956,Male,47,married,3,north,43.4,26987,rent,FALSE,F
825,1140756,Male,37,married,3,north,48.2,55312,with_parents,FALSE,F
826,476160,Male,60,married,1,north,47.7,57752,rent,FALSE,F
827,1030344,Male,26,married,1,north,72.8,55460,rent,FALSE,F
828,461784,Male,27,married,1,north,59.6,58425,rent,FALSE,F
829,297192,Female,61,married,3,north,86.7,22362,with_parents,FALSE,F
830,660156,Female,53,married,3,north,77.4,54835,rent,FALSE,F
831,503856,Female,36,married,2,north,73.4,56869,with_parents,FALSE,F
832,1155432,Female,33,married,0,north,41.3,34973,rent,TRUE,F
833,894180,Male,30,married,0,north,48.7,24911,rent,TRUE,F
834,872400,Male,54,married,0,north,56.7,32733,rent,FALSE,F
835,1168956,Female,43,married,2,north,71.3,46331,rent,FALSE,F
836,584532,Male,58,married,1,north,70.7,27009,rent,FALSE,F
837,1196916,Male,47,married,1,north,60.2,21915,rent,TRUE,T
838,674580,Male,22,married,2,north,48.7,31322,rent,FALSE,F
839,266304,Male,44,married,2,north,45.5,44042,with_parents,FALSE,F
840,859116,Male,45,married,3,north,70.9,24209,with_parents,TRUE,T
841,730680,Male,24,married,0,north,81,29990,rent,FALSE,F
842,711192,Female,38,married,3,north,86,52482,rent,FALSE,F
843,266880,Female,53,married,3,north,74.4,32148,with_parents,FALSE,F
844,1196376,Female,59,married,2,north,49.4,50394,with_parents,FALSE,F
845,687060,Male,40,married,1,north,85.9,16780,with_parents,TRUE,T
846,1039584,Male,30,single,1,north,66.3,25018,rent,TRUE,F
847,1018272,Female,55,single,0,north,51.1,26177,rent,TRUE,F
848,1010064,Male,37,single,0,north,80.8,54934,with_parents,FALSE,F
849,999540,Female,20,single,0,north,56.7,22793,with_parents,TRUE,F
850,863520,Male,29,single,0,north,64.3,41607,with_parents,FALSE,F
851,778020,Female,54,single,0,north,86.4,42413,rent,FALSE,F
852,762900,Female,62,single,0,north,86.8,40922,rent,FALSE,F
853,640908,Male,59,single,0,north,47.4,27926,rent,FALSE,F
854,559896,Male,37,single,0,north,42.3,43510,with_parents,FALSE,F
855,540264,Male,35,single,0,north,72.2,28293,with_parents,FALSE,F
856,476484,Female,36,single,0,north,58.4,34592,rent,FALSE,F
857,431016,Female,25,single,1,north,85,22513,with_parents,FALSE,F
858,347844,Female,33,single,0,north,78.6,27601,with_parents,FALSE,F
859,304920,Female,41,single,0,north,60.3,59810,rent,FALSE,F
860,280236,Female,53,single,1,north,43.6,22311,rent,FALSE,F
861,900612,Female,39,single,0,north,75.5,28361,rent,TRUE,F
862,958560,Male,61,single,0,north,52.2,32032,with_parents,FALSE,F
863,287580,Male,39,single,0,north,58.8,54686,with_parents,FALSE,F
864,728796,Male,48,single,0,north,62.7,16793,rent,TRUE,F
865,785652,Male,43,single,0,north,52.8,50651,rent,FALSE,F
866,272736,Male,63,single,0,north,84.4,52068,rent,FALSE,F
867,767628,Male,53,single,0,north,61.7,54917,rent,FALSE,F
868,1039980,Female,21,single,0,north,78.6,37001,rent,FALSE,F
869,384948,Male,25,single,0,north,68.4,24490,with_parents,FALSE,F
870,814056,Male,32,single,0,north,87.3,25039,rent,TRUE,F
871,384432,Female,38,single,0,north,69.9,46707,with_parents,FALSE,F
872,861552,Male,29,single,0,north,77.2,47476,with_parents,FALSE,F
873,697080,Female,45,single,0,north,57.4,50717,with_parents,FALSE,F
874,807120,Female,22,single,0,north,37.2,37919,rent,FALSE,F
875,605088,Male,53,single,0,north,82.8,39834,with_parents,FALSE,F
876,552240,Male,52,single,0,north,51.3,43106,with_parents,FALSE,F
877,745392,Female,43,single,0,north,52.1,45556,with_parents,FALSE,F
878,970092,Male,37,single,0,north,62.7,53383,rent,FALSE,F
879,1170456,Female,26,single,0,north,52.1,46374,with_parents,FALSE,F
880,884160,Female,32,single,0,north,82.3,46407,rent,FALSE,F
881,584220,Male,33,single,0,north,38.8,21658,with_parents,FALSE,F
882,383400,Male,61,single,0,north,51.1,34829,rent,FALSE,F
883,435180,Male,46,single,0,north,78.1,26508,with_parents,FALSE,F
884,811992,Female,61,single,0,north,66.5,19658,with_parents,TRUE,F
885,557088,Female,35,single,0,north,77.9,56393,with_parents,FALSE,F
886,1110984,Female,47,single,0,north,60.4,25047,rent,TRUE,T
887,1113840,Female,50,single,0,north,79.5,59776,rent,FALSE,F
888,1085544,Female,57,single,0,north,53.8,38556,rent,FALSE,F
889,388932,Female,52,single,0,north,55.9,45049,rent,FALSE,F
890,685872,Female,63,single,0,north,49.6,55378,with_parents,FALSE,F
891,1148868,Female,39,single,0,north,45.7,23616,rent,TRUE,F
892,828600,Male,32,single,0,north,83.7,21432,rent,TRUE,F
893,979680,Male,24,single,0,north,66.3,21102,rent,TRUE,F
894,956064,Male,25,single,0,north,71.5,51909,rent,FALSE,F
895,1057176,Female,41,single,0,north,37.9,30372,rent,TRUE,T
896,971052,Female,53,single,0,north,72.7,36348,rent,FALSE,F
897,335700,Female,37,single,0,north,66.3,52115,with_parents,FALSE,F
898,888996,Male,40,single,0,north,50.4,38858,rent,FALSE,F
899,581472,Female,58,single,0,north,83.1,57704,with_parents,FALSE,F
900,385836,Female,33,single,0,north,73.1,27197,with_parents,FALSE,F
901,460116,Male,55,single,0,north,87,33229,with_parents,FALSE,F
902,398664,Female,34,single,0,north,77.3,30944,with_parents,FALSE,F
903,925512,Female,35,single,0,north,56.5,34081,with_parents,FALSE,F
904,1045632,Female,34,single,0,north,84.2,33512,with_parents,TRUE,F
905,1077600,Male,31,single,0,north,51.7,16240,with_parents,TRUE,F
906,583716,Female,23,single,0,north,40.3,18061,rent,TRUE,F
907,272304,Female,29,single,0,north,48.9,59697,with_parents,FALSE,F
908,1113948,Male,51,single,0,north,42.3,26357,rent,TRUE,F
909,913620,Male,49,single,0,north,57,58642,with_parents,FALSE,F
910,1131804,Female,49,single,0,north,39.6,34819,with_parents,TRUE,T
911,569808,Male,62,single,0,north,86.8,27582,with_parents,FALSE,F
912,870924,Male,44,single,0,north,63.3,28321,with_parents,TRUE,F
913,667260,Female,48,single,0,north,69.7,34961,with_parents,FALSE,F
914,1126968,Male,51,single,0,north,71.3,30033,rent,TRUE,F
915,771828,Female,32,single,0,north,69.1,18254,with_parents,TRUE,F
916,272244,Female,20,single,0,north,85.4,56656,with_parents,FALSE,F
917,1029672,Female,44,single,0,north,38.3,16824,rent,TRUE,T
918,747888,Female,31,single,0,north,84.5,30874,rent,FALSE,F
919,777600,Female,57,single,0,north,72.8,45359,rent,FALSE,F
920,666300,Female,31,single,0,north,63.6,24324,rent,FALSE,F
921,666048,Female,49,single,0,north,67.8,53320,rent,FALSE,F
922,945144,Female,56,single,0,north,37.7,40924,rent,FALSE,F
923,1191048,Male,23,single,0,north,37.4,41135,rent,FALSE,F
924,1021848,Male,39,single,0,north,51.3,56436,rent,FALSE,F
925,415128,Female,33,single,0,north,43.1,24384,rent,FALSE,F
926,1001184,Female,26,single,0,north,79,22890,rent,TRUE,F
927,770256,Male,24,single,0,north,82.3,22120,with_parents,TRUE,F
928,993012,Female,64,single,0,north,40.8,32736,with_parents,TRUE,F
929,555180,Male,36,single,0,north,64.2,42751,with_parents,FALSE,F
930,1045392,Female,50,single,0,north,65.3,30384,rent,TRUE,F
931,479556,Male,31,single,0,north,74.5,39692,rent,FALSE,F
932,698076,Male,60,single,0,north,56.4,23543,with_parents,FALSE,F
933,860892,Male,24,single,0,north,47.6,32591,with_parents,FALSE,F
934,605580,Male,30,single,0,north,40.2,19306,rent,TRUE,F
935,1086768,Female,56,single,0,north,57.1,38300,rent,FALSE,F
936,705336,Male,61,single,0,north,63,24591,rent,FALSE,F
937,377148,Male,55,single,0,north,68.3,31321,with_parents,FALSE,F
938,358776,Female,61,single,0,north,53.8,46507,with_parents,FALSE,F
939,905952,Male,64,single,0,north,46.8,54640,rent,FALSE,F
940,776916,Female,63,single,0,north,83.6,23918,rent,TRUE,F
941,1101360,Female,52,single,0,north,70,27995,rent,TRUE,F
942,990324,Male,23,single,0,north,45.2,52125,rent,FALSE,F
943,1089240,Female,32,single,0,north,75.2,56745,rent,FALSE,F
944,532140,Female,64,single,0,north,61.8,59336,with_parents,FALSE,F
945,577608,Male,25,single,0,north,69.1,55691,rent,FALSE,F
946,973620,Female,38,single,0,north,74.5,20228,with_parents,TRUE,F
947,1156872,Female,28,single,0,north,60.4,50939,with_parents,FALSE,F
948,477276,Male,54,single,0,north,50.6,29648,rent,FALSE,F
949,1001004,Male,44,single,0,north,70.9,35544,with_parents,FALSE,F
950,1132836,Male,31,single,0,north,63.3,20986,with_parents,TRUE,F
951,703584,Female,21,single,0,north,61.4,48415,rent,FALSE,F
952,813840,Male,44,single,0,north,51,27597,with_parents,FALSE,F
953,767352,Male,51,single,0,north,82.7,52552,with_parents,FALSE,F
954,988500,Female,38,single,0,north,51.9,36108,rent,FALSE,F
955,1072536,Male,58,single,0,north,71.4,54696,rent,FALSE,F
956,790308,Female,55,single,0,north,69.8,50503,rent,FALSE,F
957,659172,Female,62,single,0,north,59.2,52335,rent,FALSE,F
958,349752,Male,22,single,0,north,61.7,16326,with_parents,FALSE,F
959,486420,Female,49,single,0,north,71.3,20775,rent,FALSE,F
960,1073964,Female,61,single,0,north,44.8,42300,with_parents,FALSE,F
961,500820,Female,62,single,0,north,42.9,59972,rent,FALSE,F
962,940164,Male,35,single,0,north,82,44702,with_parents,FALSE,F
963,556632,Female,43,single,1,north,42.4,29876,rent,FALSE,F
964,383736,Female,56,single,0,north,43.1,54667,with_parents,FALSE,F
965,784416,Male,40,single,0,north,45.3,33430,rent,FALSE,F
966,602160,Male,23,single,0,north,68.2,51055,rent,FALSE,F
967,820488,Male,54,single,0,north,74,51523,rent,FALSE,F
968,398004,Male,62,single,0,north,54.5,29479,with_parents,FALSE,F
969,1112928,Male,20,single,0,north,63.1,22452,rent,TRUE,F
970,861828,Female,27,single,0,north,40.7,21577,with_parents,TRUE,F
971,1031316,Female,22,single,0,north,37.6,50500,with_parents,FALSE,F
972,1198848,Female,64,single,0,north,76.2,30593,with_parents,TRUE,F
973,1047888,Male,28,single,0,north,68.9,30772,rent,TRUE,F
974,1074252,Male,26,single,0,north,81.8,45475,rent,FALSE,F
975,663252,Male,44,single,0,north,54.3,28201,rent,FALSE,F
976,338268,Male,37,single,0,north,64.2,41634,with_parents,FALSE,F
977,1061244,Female,57,single,0,north,56.7,43816,rent,FALSE,F
978,1078728,Female,27,single,0,north,64.7,52453,rent,FALSE,F
979,1167720,Male,51,single,0,north,43.2,58890,with_parents,FALSE,F
980,586152,Male,51,single,0,north,80.1,45411,rent,FALSE,F
981,933336,Male,44,single,0,north,85.4,34696,with_parents,FALSE,F
982,496044,Female,33,single,0,north,64,32237,with_parents,FALSE,F
983,357912,Female,46,single,0,north,75.9,40477,with_parents,FALSE,F
984,1136136,Female,20,single,0,north,38.4,29546,rent,TRUE,F
985,695184,Female,22,single,0,north,71.3,37789,rent,FALSE,F
986,573420,Female,60,single,0,north,56.7,28099,with_parents,FALSE,F
987,279792,Male,60,single,0,north,56.3,46419,rent,FALSE,F
988,311004,Female,50,single,0,north,65.7,41244,rent,FALSE,F
989,455736,Female,44,single,0,north,82.1,22029,rent,FALSE,F
990,726324,Male,28,single,0,north,69.6,24165,with_parents,TRUE,F
991,273972,Male,40,single,0,north,71,19852,with_parents,FALSE,F
992,1116348,Female,43,single,0,north,40.6,56873,rent,FALSE,F
993,548028,Male,25,single,0,north,55.1,57689,rent,FALSE,F
994,371700,Female,63,single,0,north,55.7,37638,rent,FALSE,F
995,1178148,Male,55,single,0,north,59,34592,with_parents,TRUE,F
996,623616,Female,50,single,0,north,62.6,50002,with_parents,FALSE,F
997,286284,Female,39,single,0,north,46.5,36278,rent,FALSE,F
998,363444,Female,61,single,0,north,80.8,37364,with_parents,FALSE,F
999,1155012,Male,35,single,0,north,76.5,17027,with_parents,TRUE,F
1000,967776,Female,44,single,0,north,62.2,36632,with_parents,FALSE,F
